"id","migration","batch"
"1","1930_01_01_000010_create_residents_table","1"
"2","1930_01_01_000020_create_periods_table","1"
"3","1930_01_01_000030_create_pump_meter_records_table","1"
"4","1930_01_01_000040_create_bills_table","1"
"5","2014_10_12_000000_create_users_table","1"
"6","2014_10_12_100000_create_password_reset_tokens_table","1"
"7","2019_08_19_000000_create_failed_jobs_table","1"
"8","2019_12_14_000001_create_personal_access_tokens_table","1"
"9","2023_12_25_154901_create_rates_table","1"
